CRO58_giftvals,,,
Last Run On,2020-10-29 16:45:01,,
View Name,Master View,,
Total Results Found,940,,
Total Results Returned,940,,
Contains Sampled Data,No,,
,,,
,,,
,,,
Totals For All Results,,,
,,Unique Purchases,Product Revenue
,,979,46971.5
,,,
Results Breakdown,,,
Transaction ID,Experiment ID with Variant,Unique Purchases,Product Revenue
00D11839GY146693J,p1QJ_NkPQ9upbkKUn--OhQ:0,1,25
00T76116JS115341W,p1QJ_NkPQ9upbkKUn--OhQ:0,1,5
02190577VH959984K,p1QJ_NkPQ9upbkKUn--OhQ:1,1,30
03J92162H4925304A,p1QJ_NkPQ9upbkKUn--OhQ:1,1,30
04L61572Y36650448,p1QJ_NkPQ9upbkKUn--OhQ:1,1,20
05955439HP825143W,p1QJ_NkPQ9upbkKUn--OhQ:1,1,20
05L21612BS7475025,p1QJ_NkPQ9upbkKUn--OhQ:0,1,50
6.49836E+15,p1QJ_NkPQ9upbkKUn--OhQ:0,1,10
07Y63856YF6775708,p1QJ_NkPQ9upbkKUn--OhQ:1,1,20
09337335P0428694U,p1QJ_NkPQ9upbkKUn--OhQ:1,1,30
0AD03126KP738610L,p1QJ_NkPQ9upbkKUn--OhQ:0,1,50
0C360107DX6922523,p1QJ_NkPQ9upbkKUn--OhQ:0,1,25
0E224438VB664500F,p1QJ_NkPQ9upbkKUn--OhQ:1,1,30
0E634759L1656535M,p1QJ_NkPQ9upbkKUn--OhQ:0,1,10
0FR51902JK2916131,p1QJ_NkPQ9upbkKUn--OhQ:0,1,5
0G742551S04500801,p1QJ_NkPQ9upbkKUn--OhQ:0,1,25
0GM94697FF069235N,p1QJ_NkPQ9upbkKUn--OhQ:0,1,50
0HS38591RP633762C,p1QJ_NkPQ9upbkKUn--OhQ:1,1,50
0JP211560B8000431,p1QJ_NkPQ9upbkKUn--OhQ:1,1,50
0KJ03595RC332831J,p1QJ_NkPQ9upbkKUn--OhQ:1,1,2
0KX09233XG305504L,p1QJ_NkPQ9upbkKUn--OhQ:1,1,25
0LR169189J3494328,p1QJ_NkPQ9upbkKUn--OhQ:0,1,50
0MJ38751T02796849,p1QJ_NkPQ9upbkKUn--OhQ:1,1,30
0MY00029MX348542N,p1QJ_NkPQ9upbkKUn--OhQ:1,1,30
0N605599WX5331055,p1QJ_NkPQ9upbkKUn--OhQ:0,1,25
0NE27541ER556304L,p1QJ_NkPQ9upbkKUn--OhQ:1,1,30
0NH105096S889304N,p1QJ_NkPQ9upbkKUn--OhQ:0,1,25
0R698048MM3658022,p1QJ_NkPQ9upbkKUn--OhQ:1,1,50
0TD11647MY026624J,p1QJ_NkPQ9upbkKUn--OhQ:0,1,25
0U600061YU906243P,p1QJ_NkPQ9upbkKUn--OhQ:1,1,20
0UR68716G64000011,p1QJ_NkPQ9upbkKUn--OhQ:1,1,10
0UV552547J781542H,p1QJ_NkPQ9upbkKUn--OhQ:1,1,20
0XT07536ED826044E,p1QJ_NkPQ9upbkKUn--OhQ:1,1,25
0Y3082993N876492M,p1QJ_NkPQ9upbkKUn--OhQ:1,1,10
0YS69246TF508011G,p1QJ_NkPQ9upbkKUn--OhQ:1,1,50
10C87222AY5854427,p1QJ_NkPQ9upbkKUn--OhQ:1,1,60
11B7120820233514A,p1QJ_NkPQ9upbkKUn--OhQ:0,1,25
12B16414YE198201M,p1QJ_NkPQ9upbkKUn--OhQ:1,1,150
13G21651JE9703737,p1QJ_NkPQ9upbkKUn--OhQ:0,1,25
13H37979J8479930B,p1QJ_NkPQ9upbkKUn--OhQ:1,1,30
13R08817LS147204P,p1QJ_NkPQ9upbkKUn--OhQ:1,1,30
14W07874UH190420W,p1QJ_NkPQ9upbkKUn--OhQ:1,1,25
15564322E5747803Y,p1QJ_NkPQ9upbkKUn--OhQ:1,1,75
16374074RH2518540,p1QJ_NkPQ9upbkKUn--OhQ:0,1,200
16859211CN3269628,p1QJ_NkPQ9upbkKUn--OhQ:0,1,5
18516405LU7867942,p1QJ_NkPQ9upbkKUn--OhQ:1,1,10
18C18976U7229551X,p1QJ_NkPQ9upbkKUn--OhQ:1,1,10
194370392P555004T,p1QJ_NkPQ9upbkKUn--OhQ:1,1,25
19D30728MU8819805,p1QJ_NkPQ9upbkKUn--OhQ:0,1,25
1A14602398167732P,p1QJ_NkPQ9upbkKUn--OhQ:1,1,50
1AE26971G9357203P,p1QJ_NkPQ9upbkKUn--OhQ:1,1,30
1B284028PX285134N,p1QJ_NkPQ9upbkKUn--OhQ:0,1,5
1BP76260FG334135K,p1QJ_NkPQ9upbkKUn--OhQ:1,1,50
1DE73632NK882963P,p1QJ_NkPQ9upbkKUn--OhQ:1,1,60
1E6683943D0648322,p1QJ_NkPQ9upbkKUn--OhQ:0,1,10
1EH172576T383873U,p1QJ_NkPQ9upbkKUn--OhQ:1,1,10
1FV7309763225832V,p1QJ_NkPQ9upbkKUn--OhQ:1,1,20
1GY37797VK3424240,p1QJ_NkPQ9upbkKUn--OhQ:1,1,20
1J772017SP225754E,p1QJ_NkPQ9upbkKUn--OhQ:0,1,50
1JT11194T90420522,p1QJ_NkPQ9upbkKUn--OhQ:1,1,100
1JW01942VB166904G,p1QJ_NkPQ9upbkKUn--OhQ:0,1,25
1K682577K5044723Y,p1QJ_NkPQ9upbkKUn--OhQ:0,1,100
1MG84020E91407533,p1QJ_NkPQ9upbkKUn--OhQ:0,1,5
1NY04773D94488014,p1QJ_NkPQ9upbkKUn--OhQ:1,1,10
1T390641TR377702S,p1QJ_NkPQ9upbkKUn--OhQ:0,1,25
1TL26799XN528613X,p1QJ_NkPQ9upbkKUn--OhQ:1,1,10
1U837831NH314372H,p1QJ_NkPQ9upbkKUn--OhQ:0,1,25
1UH67348MH342443S,p1QJ_NkPQ9upbkKUn--OhQ:1,1,20
1VK12574YB492393T,p1QJ_NkPQ9upbkKUn--OhQ:1,1,50
1VX34437Y7877524W,p1QJ_NkPQ9upbkKUn--OhQ:1,1,10
1W944799HE589972V,p1QJ_NkPQ9upbkKUn--OhQ:1,1,10
1WA41724D5984064W,p1QJ_NkPQ9upbkKUn--OhQ:0,1,50
1Y634149TG1698329,p1QJ_NkPQ9upbkKUn--OhQ:1,1,100
20S920279W2025849,p1QJ_NkPQ9upbkKUn--OhQ:1,1,10
20U97862RW7059257,p1QJ_NkPQ9upbkKUn--OhQ:0,1,100
211086540J114994S,p1QJ_NkPQ9upbkKUn--OhQ:0,1,50
21E52820WT139921B,p1QJ_NkPQ9upbkKUn--OhQ:1,1,100
2208441905385703A,p1QJ_NkPQ9upbkKUn--OhQ:1,1,20
225808319J187071D,p1QJ_NkPQ9upbkKUn--OhQ:0,1,100
22Y0189835384570B,p1QJ_NkPQ9upbkKUn--OhQ:1,1,10
23B916016C8257546,p1QJ_NkPQ9upbkKUn--OhQ:0,1,25
257772293S0339727,p1QJ_NkPQ9upbkKUn--OhQ:0,1,10
25N604661N896262N,p1QJ_NkPQ9upbkKUn--OhQ:0,1,500
26193725T9414832C,p1QJ_NkPQ9upbkKUn--OhQ:1,1,25
26Y819243S992733B,p1QJ_NkPQ9upbkKUn--OhQ:0,1,100
2A91149052578722M,p1QJ_NkPQ9upbkKUn--OhQ:1,1,100
2DP398588L111461L,p1QJ_NkPQ9upbkKUn--OhQ:0,1,3
2E6919334V636641L,p1QJ_NkPQ9upbkKUn--OhQ:0,1,25
2EW562957M750864U,p1QJ_NkPQ9upbkKUn--OhQ:1,1,20
2EY37564C9779954N,p1QJ_NkPQ9upbkKUn--OhQ:0,1,50
2FN038404F952032D,p1QJ_NkPQ9upbkKUn--OhQ:1,1,50
2G3064711P015933X,p1QJ_NkPQ9upbkKUn--OhQ:1,1,60
2GX93944FX787914K,p1QJ_NkPQ9upbkKUn--OhQ:1,1,50
2J938233RH714290H,p1QJ_NkPQ9upbkKUn--OhQ:0,1,100
2JU15402VS8396238,p1QJ_NkPQ9upbkKUn--OhQ:1,1,50
2JX76808SD200904W,p1QJ_NkPQ9upbkKUn--OhQ:0,1,250
2LL35491TN329582C,p1QJ_NkPQ9upbkKUn--OhQ:0,1,30
2LP48813G7816103U,p1QJ_NkPQ9upbkKUn--OhQ:1,1,30
2N0684135B4085442,p1QJ_NkPQ9upbkKUn--OhQ:1,1,20
2N39859747781673R,p1QJ_NkPQ9upbkKUn--OhQ:0,2,20
2NL59608SD107893K,p1QJ_NkPQ9upbkKUn--OhQ:1,1,30
2P273079G24737611,p1QJ_NkPQ9upbkKUn--OhQ:0,1,20
2P277102PF9218310,p1QJ_NkPQ9upbkKUn--OhQ:0,1,5
2PK38226WX600121S,p1QJ_NkPQ9upbkKUn--OhQ:0,1,10
2S496877GX909954U,p1QJ_NkPQ9upbkKUn--OhQ:0,1,100
2U8371050T1800705,p1QJ_NkPQ9upbkKUn--OhQ:0,1,25
2UG995136K8005521,p1QJ_NkPQ9upbkKUn--OhQ:1,1,30
2UR96561J39729023,p1QJ_NkPQ9upbkKUn--OhQ:0,1,25
2UT645935A127463V,p1QJ_NkPQ9upbkKUn--OhQ:1,1,5
2VS96080LL6762944,p1QJ_NkPQ9upbkKUn--OhQ:1,1,20
2VT69483530669321,p1QJ_NkPQ9upbkKUn--OhQ:0,1,25
2W248781Y7037370M,p1QJ_NkPQ9upbkKUn--OhQ:1,1,30
2WC30415EC266925X,p1QJ_NkPQ9upbkKUn--OhQ:0,1,10
2X38883250517192B,p1QJ_NkPQ9upbkKUn--OhQ:1,1,10
30814781X8124284R,p1QJ_NkPQ9upbkKUn--OhQ:0,1,500
31K81828K4686672V,p1QJ_NkPQ9upbkKUn--OhQ:1,1,30
33317088MW396202K,p1QJ_NkPQ9upbkKUn--OhQ:1,1,50
33A94183CP8001250,p1QJ_NkPQ9upbkKUn--OhQ:1,1,100
34C72374D25941306,p1QJ_NkPQ9upbkKUn--OhQ:1,1,200
35L93226PD521300F,p1QJ_NkPQ9upbkKUn--OhQ:1,1,10
35Y410089A5201012,p1QJ_NkPQ9upbkKUn--OhQ:1,1,1000
36484929UK359315K,p1QJ_NkPQ9upbkKUn--OhQ:1,1,30
36E14057HX878633K,p1QJ_NkPQ9upbkKUn--OhQ:1,2,60
38K162596X8928744,p1QJ_NkPQ9upbkKUn--OhQ:0,1,10
38U66763BJ1574047,p1QJ_NkPQ9upbkKUn--OhQ:1,1,30
3A50853525267922H,p1QJ_NkPQ9upbkKUn--OhQ:0,1,25
3AG72064DW190433V,p1QJ_NkPQ9upbkKUn--OhQ:0,1,5
3B517802YH999114H,p1QJ_NkPQ9upbkKUn--OhQ:1,1,10
3BT01391K9947332C,p1QJ_NkPQ9upbkKUn--OhQ:1,1,15
3C597278J1195112Y,p1QJ_NkPQ9upbkKUn--OhQ:0,1,50
3DW90744T6720764G,p1QJ_NkPQ9upbkKUn--OhQ:0,1,25
3DY749402K615703V,p1QJ_NkPQ9upbkKUn--OhQ:0,1,50
3EU300566U656280C,p1QJ_NkPQ9upbkKUn--OhQ:0,1,30
3G18012133397331L,p1QJ_NkPQ9upbkKUn--OhQ:0,1,25
3G792543YH179014M,p1QJ_NkPQ9upbkKUn--OhQ:0,1,25
3GP11456B76334300,p1QJ_NkPQ9upbkKUn--OhQ:1,1,60
3HE55659FY887591W,p1QJ_NkPQ9upbkKUn--OhQ:0,1,10
3LS80009DK365411N,p1QJ_NkPQ9upbkKUn--OhQ:1,1,50
3M554682X6392201X,p1QJ_NkPQ9upbkKUn--OhQ:1,1,1000
3MB66334R23550145,p1QJ_NkPQ9upbkKUn--OhQ:0,1,100
3MH84738E30339610,p1QJ_NkPQ9upbkKUn--OhQ:0,1,40
3P407551F06344733,p1QJ_NkPQ9upbkKUn--OhQ:0,1,50
3R001239XG6363714,p1QJ_NkPQ9upbkKUn--OhQ:1,1,100
3R639452TW3420804,p1QJ_NkPQ9upbkKUn--OhQ:1,1,10
3R6885641W8154827,p1QJ_NkPQ9upbkKUn--OhQ:0,1,25
3RJ423079U727870J,p1QJ_NkPQ9upbkKUn--OhQ:0,1,50
3S012541NP834521D,p1QJ_NkPQ9upbkKUn--OhQ:0,1,15
3SH36425HA051115E,p1QJ_NkPQ9upbkKUn--OhQ:0,1,10
3T5908988X669345N,p1QJ_NkPQ9upbkKUn--OhQ:0,1,10
3T9320756L934952V,p1QJ_NkPQ9upbkKUn--OhQ:0,2,40
3TW406038Y8122335,p1QJ_NkPQ9upbkKUn--OhQ:1,1,5
3UP71683WX2679521,p1QJ_NkPQ9upbkKUn--OhQ:1,1,100
3V739734SA987464C,p1QJ_NkPQ9upbkKUn--OhQ:1,1,10
3W502806UJ676801V,p1QJ_NkPQ9upbkKUn--OhQ:0,1,25
3X328321M96364821,p1QJ_NkPQ9upbkKUn--OhQ:1,1,50
3X5913820S538470B,p1QJ_NkPQ9upbkKUn--OhQ:1,1,20
3XX37523ML516931S,p1QJ_NkPQ9upbkKUn--OhQ:1,1,10
40164861BG4863100,p1QJ_NkPQ9upbkKUn--OhQ:0,1,25
40A70076EF9171103,p1QJ_NkPQ9upbkKUn--OhQ:0,3,75
41Y145815C133700C,p1QJ_NkPQ9upbkKUn--OhQ:0,1,50
45X82315473450905,p1QJ_NkPQ9upbkKUn--OhQ:0,1,500
46K565326R448323N,p1QJ_NkPQ9upbkKUn--OhQ:0,1,5
477998791R060650B,p1QJ_NkPQ9upbkKUn--OhQ:0,1,5
47S080795R7011709,p1QJ_NkPQ9upbkKUn--OhQ:1,1,10
47S69514B6852414S,p1QJ_NkPQ9upbkKUn--OhQ:0,1,25
48K68019174186413,p1QJ_NkPQ9upbkKUn--OhQ:0,1,5
49C67323CM414394T,p1QJ_NkPQ9upbkKUn--OhQ:1,1,30
49P00872S32443116,p1QJ_NkPQ9upbkKUn--OhQ:0,1,50
49T42492CY963052Y,p1QJ_NkPQ9upbkKUn--OhQ:0,1,10
4AD24944N66099837,p1QJ_NkPQ9upbkKUn--OhQ:1,1,10
4CH54853U3882773H,p1QJ_NkPQ9upbkKUn--OhQ:0,1,10
4CP72788EC370842K,p1QJ_NkPQ9upbkKUn--OhQ:1,1,10
4CR76759RK0121315,p1QJ_NkPQ9upbkKUn--OhQ:0,1,50
4D591180HL931473W,p1QJ_NkPQ9upbkKUn--OhQ:0,1,50
4D741112TS8558158,p1QJ_NkPQ9upbkKUn--OhQ:0,1,25
4DG91882K6006815F,p1QJ_NkPQ9upbkKUn--OhQ:0,1,10
4G0947028Y388853N,p1QJ_NkPQ9upbkKUn--OhQ:0,1,10
4GB12668PC083291R,p1QJ_NkPQ9upbkKUn--OhQ:1,1,20
4GG76472RX3131444,p1QJ_NkPQ9upbkKUn--OhQ:0,1,10
4HB2693356854990T,p1QJ_NkPQ9upbkKUn--OhQ:1,1,30
4HL83309RM503644E,p1QJ_NkPQ9upbkKUn--OhQ:1,1,20
4HP35637ML715530P,p1QJ_NkPQ9upbkKUn--OhQ:1,1,100
4JE40887C17815244,p1QJ_NkPQ9upbkKUn--OhQ:0,1,5
4JS0856161814033Y,p1QJ_NkPQ9upbkKUn--OhQ:1,1,10
4JX11854L5742172B,p1QJ_NkPQ9upbkKUn--OhQ:0,1,10
4KR36083X7557854N,p1QJ_NkPQ9upbkKUn--OhQ:1,1,10
4L8605195M395694G,p1QJ_NkPQ9upbkKUn--OhQ:1,1,30
4MK49892TL5241412,p1QJ_NkPQ9upbkKUn--OhQ:1,1,10
4N808777W04506507,p1QJ_NkPQ9upbkKUn--OhQ:0,1,25
4N9047688R290750H,p1QJ_NkPQ9upbkKUn--OhQ:0,1,10
4NN63684FF933245K,p1QJ_NkPQ9upbkKUn--OhQ:0,1,50
4ST52601E8097221T,p1QJ_NkPQ9upbkKUn--OhQ:0,1,50
4TC50176Y9514990V,p1QJ_NkPQ9upbkKUn--OhQ:1,1,30
4TS533738E675042C,p1QJ_NkPQ9upbkKUn--OhQ:1,1,30
4V199825LW9463905,p1QJ_NkPQ9upbkKUn--OhQ:1,1,20
4W514094658751406,p1QJ_NkPQ9upbkKUn--OhQ:0,1,25
4WR51057VJ335533M,p1QJ_NkPQ9upbkKUn--OhQ:1,1,30
4XP83971XF242990A,p1QJ_NkPQ9upbkKUn--OhQ:0,1,25
4Y350746PX0361824,p1QJ_NkPQ9upbkKUn--OhQ:0,1,25
4YS899258N885633U,p1QJ_NkPQ9upbkKUn--OhQ:0,1,50
4YW44967P3466711A,p1QJ_NkPQ9upbkKUn--OhQ:0,1,15
50175001G7953745K,p1QJ_NkPQ9upbkKUn--OhQ:1,1,50
50H91713DR6531623,p1QJ_NkPQ9upbkKUn--OhQ:1,1,10
52772472KR158561P,p1QJ_NkPQ9upbkKUn--OhQ:1,1,50
52F118705K236740R,p1QJ_NkPQ9upbkKUn--OhQ:0,1,10
52P29229R1519712A,p1QJ_NkPQ9upbkKUn--OhQ:1,1,10
53G18084WY958870E,p1QJ_NkPQ9upbkKUn--OhQ:0,1,25
53G47934LX525921R,p1QJ_NkPQ9upbkKUn--OhQ:0,1,100
55S80031SM269034E,p1QJ_NkPQ9upbkKUn--OhQ:0,1,50
56853770BF8531428,p1QJ_NkPQ9upbkKUn--OhQ:1,1,30
56B26483CV562452S,p1QJ_NkPQ9upbkKUn--OhQ:0,1,5
58246294YG1566328,p1QJ_NkPQ9upbkKUn--OhQ:0,1,5
58395831XW824321Y,p1QJ_NkPQ9upbkKUn--OhQ:1,1,20
58E185625G943045H,p1QJ_NkPQ9upbkKUn--OhQ:0,1,25
59J42165W8369144Y,p1QJ_NkPQ9upbkKUn--OhQ:1,1,10
5AL40038PN259150U,p1QJ_NkPQ9upbkKUn--OhQ:0,1,50
5G0808529A358732L,p1QJ_NkPQ9upbkKUn--OhQ:1,1,30
5HC69876HD308762E,p1QJ_NkPQ9upbkKUn--OhQ:0,1,25
5J430583J50178038,p1QJ_NkPQ9upbkKUn--OhQ:0,1,25
5J552665DK940445T,p1QJ_NkPQ9upbkKUn--OhQ:0,1,25
5JH69867DK1156053,p1QJ_NkPQ9upbkKUn--OhQ:1,1,10
5JK47377PE394143W,p1QJ_NkPQ9upbkKUn--OhQ:0,1,50
5KL84151NF196620B,p1QJ_NkPQ9upbkKUn--OhQ:1,1,30
5LE39003JD4210108,p1QJ_NkPQ9upbkKUn--OhQ:0,1,100
5M200255U9629254H,p1QJ_NkPQ9upbkKUn--OhQ:1,1,10
5M27878548180902N,p1QJ_NkPQ9upbkKUn--OhQ:0,1,25
5M38950673243562V,p1QJ_NkPQ9upbkKUn--OhQ:1,1,10
5MK63216VW017913R,p1QJ_NkPQ9upbkKUn--OhQ:0,1,15
5TH83912P7289542Y,p1QJ_NkPQ9upbkKUn--OhQ:1,1,10
5TT556520Y1473815,p1QJ_NkPQ9upbkKUn--OhQ:1,1,10
5U976648TJ3592848,p1QJ_NkPQ9upbkKUn--OhQ:1,1,25
5UJ962263W5490641,p1QJ_NkPQ9upbkKUn--OhQ:1,1,50
5UR18876UG757402W,p1QJ_NkPQ9upbkKUn--OhQ:1,1,100
5VC198514Y684454B,p1QJ_NkPQ9upbkKUn--OhQ:0,1,10
5VP78214R6872414K,p1QJ_NkPQ9upbkKUn--OhQ:1,1,5
5WP64408T4230214W,p1QJ_NkPQ9upbkKUn--OhQ:1,1,20
5WU495197S375511P,p1QJ_NkPQ9upbkKUn--OhQ:1,1,30
5YB2394488707115G,p1QJ_NkPQ9upbkKUn--OhQ:0,1,25
5YY181436X872480D,p1QJ_NkPQ9upbkKUn--OhQ:1,1,20
60591328PY9344713,p1QJ_NkPQ9upbkKUn--OhQ:1,1,50
60592984R25708449,p1QJ_NkPQ9upbkKUn--OhQ:1,1,30
60A95549TL5745201,p1QJ_NkPQ9upbkKUn--OhQ:0,1,25
60C34457R4691572D,p1QJ_NkPQ9upbkKUn--OhQ:0,1,25
61U16652VL886753V,p1QJ_NkPQ9upbkKUn--OhQ:0,1,25
63551885SX974354E,p1QJ_NkPQ9upbkKUn--OhQ:0,1,10
65E125518F235452V,p1QJ_NkPQ9upbkKUn--OhQ:0,1,500
65Y80921NV287833K,p1QJ_NkPQ9upbkKUn--OhQ:0,1,25
67H05072Y5128124Y,p1QJ_NkPQ9upbkKUn--OhQ:0,1,50
67J236769T6961359,p1QJ_NkPQ9upbkKUn--OhQ:1,1,30
69S292065F057625E,p1QJ_NkPQ9upbkKUn--OhQ:0,1,50
6AU10227XJ658614K,p1QJ_NkPQ9upbkKUn--OhQ:0,1,10
6BL018838R9676400,p1QJ_NkPQ9upbkKUn--OhQ:1,1,30
6BY09858AB940791H,p1QJ_NkPQ9upbkKUn--OhQ:0,1,25
6C411366AR0993024,p1QJ_NkPQ9upbkKUn--OhQ:1,1,30
6CX57908Y0652834B,p1QJ_NkPQ9upbkKUn--OhQ:1,7,140
6D841873AU101211A,p1QJ_NkPQ9upbkKUn--OhQ:0,1,25
6DY54610Y4921121P,p1QJ_NkPQ9upbkKUn--OhQ:0,1,20
6E573913L2416743W,p1QJ_NkPQ9upbkKUn--OhQ:1,1,8
6EA554644U4030142,p1QJ_NkPQ9upbkKUn--OhQ:1,1,100
6ED29517PH0445112,p1QJ_NkPQ9upbkKUn--OhQ:0,1,25
6F471753E2952351C,p1QJ_NkPQ9upbkKUn--OhQ:0,2,200
6FC61774RV360011D,p1QJ_NkPQ9upbkKUn--OhQ:0,1,25
6G044984001993120,p1QJ_NkPQ9upbkKUn--OhQ:0,1,25
6G285507XJ228433T,p1QJ_NkPQ9upbkKUn--OhQ:0,1,10
6GP28378RD7841159,p1QJ_NkPQ9upbkKUn--OhQ:0,1,25
6GT324763X342762B,p1QJ_NkPQ9upbkKUn--OhQ:0,1,5
6HC74680JK825763U,p1QJ_NkPQ9upbkKUn--OhQ:0,1,10
6HP03084K93863547,p1QJ_NkPQ9upbkKUn--OhQ:1,1,60
6J5008037R976491Y,p1QJ_NkPQ9upbkKUn--OhQ:0,1,25
6J817247JG181781P,p1QJ_NkPQ9upbkKUn--OhQ:0,1,25
6JT57161PN036761G,p1QJ_NkPQ9upbkKUn--OhQ:0,1,25
6KS34721UW417481N,p1QJ_NkPQ9upbkKUn--OhQ:1,2,20
6KS67518VJ001701F,p1QJ_NkPQ9upbkKUn--OhQ:0,1,5
6LP31226Y07998333,p1QJ_NkPQ9upbkKUn--OhQ:1,1,30
6M276960VR9710933,p1QJ_NkPQ9upbkKUn--OhQ:0,1,5
6M977836W4020832R,p1QJ_NkPQ9upbkKUn--OhQ:1,1,30
6NU44514CJ312103S,p1QJ_NkPQ9upbkKUn--OhQ:0,1,10
6P537174YE3053506,p1QJ_NkPQ9upbkKUn--OhQ:1,1,50
6PA966703W124231A,p1QJ_NkPQ9upbkKUn--OhQ:0,1,25
6R3283485B531392L,p1QJ_NkPQ9upbkKUn--OhQ:0,1,10
6RF62612SK457833B,p1QJ_NkPQ9upbkKUn--OhQ:0,1,20
6S099394KD669245A,p1QJ_NkPQ9upbkKUn--OhQ:1,1,30
6T312567SP808143S,p1QJ_NkPQ9upbkKUn--OhQ:0,1,10
6TC763800Y195280L,p1QJ_NkPQ9upbkKUn--OhQ:1,1,5
6VU46060K13727640,p1QJ_NkPQ9upbkKUn--OhQ:1,1,30
6W3802652W286403K,p1QJ_NkPQ9upbkKUn--OhQ:0,1,50
6WD33683VE2400636,p1QJ_NkPQ9upbkKUn--OhQ:1,1,60
6WP33083A1532763E,p1QJ_NkPQ9upbkKUn--OhQ:0,1,100
6X248424UH262434A,p1QJ_NkPQ9upbkKUn--OhQ:0,1,25
6X397818UD836682K,p1QJ_NkPQ9upbkKUn--OhQ:1,1,10
6X4775499U4618453,p1QJ_NkPQ9upbkKUn--OhQ:1,1,30
6XY53451N3642823C,p1QJ_NkPQ9upbkKUn--OhQ:1,1,30
6YP564507W762850N,p1QJ_NkPQ9upbkKUn--OhQ:0,1,50
70K13403XV334724G,p1QJ_NkPQ9upbkKUn--OhQ:1,1,30
71H741221M8750130,p1QJ_NkPQ9upbkKUn--OhQ:0,1,10
71X49307PF8686913,p1QJ_NkPQ9upbkKUn--OhQ:1,1,100
73V64428KB442262F,p1QJ_NkPQ9upbkKUn--OhQ:1,1,10
74A662597H7444517,p1QJ_NkPQ9upbkKUn--OhQ:0,1,25
756844476B9434333,p1QJ_NkPQ9upbkKUn--OhQ:0,1,5
75F75042W31647829,p1QJ_NkPQ9upbkKUn--OhQ:0,1,5
76398229C0057921L,p1QJ_NkPQ9upbkKUn--OhQ:1,1,25
76M24919DA629833K,p1QJ_NkPQ9upbkKUn--OhQ:1,1,30
77507414WF883314C,p1QJ_NkPQ9upbkKUn--OhQ:1,1,30
78354471L4086494A,p1QJ_NkPQ9upbkKUn--OhQ:0,1,25
78819625S4708710R,p1QJ_NkPQ9upbkKUn--OhQ:0,1,5
79L584425M4314743,p1QJ_NkPQ9upbkKUn--OhQ:0,1,50
7A24290708937304R,p1QJ_NkPQ9upbkKUn--OhQ:1,1,10
7A261890NS6618038,p1QJ_NkPQ9upbkKUn--OhQ:1,1,50
7AG0498322180694Y,p1QJ_NkPQ9upbkKUn--OhQ:1,2,60
7B593729E33278912,p1QJ_NkPQ9upbkKUn--OhQ:0,1,50
7C14650340692301N,p1QJ_NkPQ9upbkKUn--OhQ:0,1,100
7CP47994TD923782C,p1QJ_NkPQ9upbkKUn--OhQ:1,1,10
7D476416V7734232B,p1QJ_NkPQ9upbkKUn--OhQ:1,1,20
7DG55169AE262041A,p1QJ_NkPQ9upbkKUn--OhQ:0,1,25
7F871154TB2638049,p1QJ_NkPQ9upbkKUn--OhQ:1,1,10
7GL63786817620935,p1QJ_NkPQ9upbkKUn--OhQ:1,1,30
7H192315RF5060024,p1QJ_NkPQ9upbkKUn--OhQ:1,1,10
7HA34636490796047,p1QJ_NkPQ9upbkKUn--OhQ:0,1,100
7JB41467FH8437353,p1QJ_NkPQ9upbkKUn--OhQ:0,1,25
7JJ85310DJ3336513,p1QJ_NkPQ9upbkKUn--OhQ:1,1,50
7JV30604NU012651J,p1QJ_NkPQ9upbkKUn--OhQ:1,1,30
7NN69097062619702,p1QJ_NkPQ9upbkKUn--OhQ:0,1,10
7PB7817883506745J,p1QJ_NkPQ9upbkKUn--OhQ:1,1,10
7PS72162147528453,p1QJ_NkPQ9upbkKUn--OhQ:0,1,10
7R791315AU417573V,p1QJ_NkPQ9upbkKUn--OhQ:1,1,10
7RL42589JX5349343,p1QJ_NkPQ9upbkKUn--OhQ:0,1,50
7RR47655XC936534N,p1QJ_NkPQ9upbkKUn--OhQ:1,1,30
7S95864602457894F,p1QJ_NkPQ9upbkKUn--OhQ:1,1,30
7T9626964D784743S,p1QJ_NkPQ9upbkKUn--OhQ:0,1,50
7TJ46878KC545300U,p1QJ_NkPQ9upbkKUn--OhQ:1,1,30
7TX21459R0565310E,p1QJ_NkPQ9upbkKUn--OhQ:0,2,100
7US50761296982410,p1QJ_NkPQ9upbkKUn--OhQ:1,1,30
7VF94741PV7525252,p1QJ_NkPQ9upbkKUn--OhQ:0,1,25
7W911581M48850712,p1QJ_NkPQ9upbkKUn--OhQ:1,1,10
7WG454678B268680M,p1QJ_NkPQ9upbkKUn--OhQ:1,1,30
7WN725738G3430318,p1QJ_NkPQ9upbkKUn--OhQ:0,1,50
7XU37958TD147635P,p1QJ_NkPQ9upbkKUn--OhQ:1,1,30
80676590HL1088359,p1QJ_NkPQ9upbkKUn--OhQ:1,1,10
80N75748PH453872C,p1QJ_NkPQ9upbkKUn--OhQ:0,1,50
815707012W194770T,p1QJ_NkPQ9upbkKUn--OhQ:1,1,30
81699609NK806883D,p1QJ_NkPQ9upbkKUn--OhQ:0,1,50
83N06182UM233570V,p1QJ_NkPQ9upbkKUn--OhQ:1,1,20
84J28267R9815082N,p1QJ_NkPQ9upbkKUn--OhQ:0,1,25
854454294J8843941,p1QJ_NkPQ9upbkKUn--OhQ:1,1,30
85B02814G5651291B,p1QJ_NkPQ9upbkKUn--OhQ:1,1,30
85M39177LV7876333,p1QJ_NkPQ9upbkKUn--OhQ:1,1,60
86P84326G12289939,p1QJ_NkPQ9upbkKUn--OhQ:0,1,10
87135084MY074223A,p1QJ_NkPQ9upbkKUn--OhQ:0,1,10
87E3261786119135V,p1QJ_NkPQ9upbkKUn--OhQ:0,1,25
88030145FL209393R,p1QJ_NkPQ9upbkKUn--OhQ:1,1,30
88080208VG174211S,p1QJ_NkPQ9upbkKUn--OhQ:0,1,25
88295838K6453123W,p1QJ_NkPQ9upbkKUn--OhQ:0,1,5
89T1106629039283A,p1QJ_NkPQ9upbkKUn--OhQ:1,1,30
8A4982643W211492P,p1QJ_NkPQ9upbkKUn--OhQ:0,1,25
8AC53603JV682512D,p1QJ_NkPQ9upbkKUn--OhQ:0,1,25
8AF775271S514751H,p1QJ_NkPQ9upbkKUn--OhQ:0,1,25
8AY86683PL3375730,p1QJ_NkPQ9upbkKUn--OhQ:0,1,50
8C144780813410055,p1QJ_NkPQ9upbkKUn--OhQ:1,1,30
8C417329YJ729182F,p1QJ_NkPQ9upbkKUn--OhQ:0,1,25
8EJ04848PX925245L,p1QJ_NkPQ9upbkKUn--OhQ:1,1,30
8EM713183R1151526,p1QJ_NkPQ9upbkKUn--OhQ:1,1,10
8EX005871N0683945,p1QJ_NkPQ9upbkKUn--OhQ:1,1,30
8H396620HT203232X,p1QJ_NkPQ9upbkKUn--OhQ:0,1,25
8JH64320BH0573308,p1QJ_NkPQ9upbkKUn--OhQ:0,1,25
8JV20312DP215363H,p1QJ_NkPQ9upbkKUn--OhQ:0,1,25
8KK329760R537335C,p1QJ_NkPQ9upbkKUn--OhQ:0,1,25
8KU38823SU180230C,p1QJ_NkPQ9upbkKUn--OhQ:1,1,100
8LG714700M635454T,p1QJ_NkPQ9upbkKUn--OhQ:1,1,10
8LY31383J7132790J,p1QJ_NkPQ9upbkKUn--OhQ:0,1,60
8M767417VT092013K,p1QJ_NkPQ9upbkKUn--OhQ:0,1,100
8MB75107MV807730V,p1QJ_NkPQ9upbkKUn--OhQ:0,1,25
8MN41125F27340810,p1QJ_NkPQ9upbkKUn--OhQ:0,1,40
8N84388977087500E,p1QJ_NkPQ9upbkKUn--OhQ:0,1,20
8NC67833BT450053E,p1QJ_NkPQ9upbkKUn--OhQ:1,1,10
8PF61992XU6290728,p1QJ_NkPQ9upbkKUn--OhQ:0,1,50
8SA27833BG182753A,p1QJ_NkPQ9upbkKUn--OhQ:0,1,25
8T3501582L114484E,p1QJ_NkPQ9upbkKUn--OhQ:1,1,10
8U17134759404934U,p1QJ_NkPQ9upbkKUn--OhQ:1,1,10
8VE982932N943505R,p1QJ_NkPQ9upbkKUn--OhQ:1,1,100
8W370054838574434,p1QJ_NkPQ9upbkKUn--OhQ:1,1,10
8WP244800D3786901,p1QJ_NkPQ9upbkKUn--OhQ:1,1,60
8WR05541PL389493Y,p1QJ_NkPQ9upbkKUn--OhQ:1,1,20
8X331805VG0577712,p1QJ_NkPQ9upbkKUn--OhQ:0,1,25
8XA96366AL1022233,p1QJ_NkPQ9upbkKUn--OhQ:1,1,60
8Y6516566J5510346,p1QJ_NkPQ9upbkKUn--OhQ:1,1,100
8Y943352E2287253S,p1QJ_NkPQ9upbkKUn--OhQ:0,1,100
90B268391H056262U,p1QJ_NkPQ9upbkKUn--OhQ:0,1,5
91D95970KK560680X,p1QJ_NkPQ9upbkKUn--OhQ:1,1,10
91U248031M614080U,p1QJ_NkPQ9upbkKUn--OhQ:0,1,50
94J64139DG761482T,p1QJ_NkPQ9upbkKUn--OhQ:1,1,30
94N72788EK6746226,p1QJ_NkPQ9upbkKUn--OhQ:1,1,10
94Y09966TL400572L,p1QJ_NkPQ9upbkKUn--OhQ:1,1,30
95M444890T3815410,p1QJ_NkPQ9upbkKUn--OhQ:0,1,25
96578118FT974953T,p1QJ_NkPQ9upbkKUn--OhQ:1,1,60
96J26762MX573571B,p1QJ_NkPQ9upbkKUn--OhQ:0,1,10
97K3819282716403C,p1QJ_NkPQ9upbkKUn--OhQ:0,1,5
99927110DT245635A,p1QJ_NkPQ9upbkKUn--OhQ:0,1,10
99L37526BN753694D,p1QJ_NkPQ9upbkKUn--OhQ:0,1,25
9A42183561108640K,p1QJ_NkPQ9upbkKUn--OhQ:1,1,25
9AA12665X57765057,p1QJ_NkPQ9upbkKUn--OhQ:1,1,50
9AD067330C640170U,p1QJ_NkPQ9upbkKUn--OhQ:1,1,30
9AP7707002610680B,p1QJ_NkPQ9upbkKUn--OhQ:1,1,10
9BF42075TU631334M,p1QJ_NkPQ9upbkKUn--OhQ:1,1,30
9BY40924SE734005Y,p1QJ_NkPQ9upbkKUn--OhQ:0,1,25
9CA09445WW089015W,p1QJ_NkPQ9upbkKUn--OhQ:1,1,100
9F731179VK398692N,p1QJ_NkPQ9upbkKUn--OhQ:1,1,25
9FU84206U5102952A,p1QJ_NkPQ9upbkKUn--OhQ:0,1,5
9H767837KK3978034,p1QJ_NkPQ9upbkKUn--OhQ:1,1,30
9JF974583M953380B,p1QJ_NkPQ9upbkKUn--OhQ:0,1,10
9JG90649KJ777690H,p1QJ_NkPQ9upbkKUn--OhQ:1,1,20
9JS20512P7768493C,p1QJ_NkPQ9upbkKUn--OhQ:0,1,50
9JS66949XN046014M,p1QJ_NkPQ9upbkKUn--OhQ:1,1,10
9KL97838A1422544W,p1QJ_NkPQ9upbkKUn--OhQ:0,1,16
9LJ44951NJ981744W,p1QJ_NkPQ9upbkKUn--OhQ:1,1,30
9MT76779XP3736619,p1QJ_NkPQ9upbkKUn--OhQ:1,1,30
9NG0873475609541S,p1QJ_NkPQ9upbkKUn--OhQ:0,2,300
9P482429JL6219101,p1QJ_NkPQ9upbkKUn--OhQ:1,1,100
9SH93723F8176315G,p1QJ_NkPQ9upbkKUn--OhQ:1,1,20
9SY3458236199422C,p1QJ_NkPQ9upbkKUn--OhQ:0,1,25
9TA99696N46832028,p1QJ_NkPQ9upbkKUn--OhQ:1,1,30
9TJ91968G9684632J,p1QJ_NkPQ9upbkKUn--OhQ:1,1,50
9VM6848241883504T,p1QJ_NkPQ9upbkKUn--OhQ:1,1,60
9WD56343JA552720L,p1QJ_NkPQ9upbkKUn--OhQ:0,1,2.5
9XT864766F564062K,p1QJ_NkPQ9upbkKUn--OhQ:1,1,100
ICC14179049848,p1QJ_NkPQ9upbkKUn--OhQ:0,1,30
ICC14179050185,p1QJ_NkPQ9upbkKUn--OhQ:1,1,50
ICC14179051217,p1QJ_NkPQ9upbkKUn--OhQ:0,1,50
ICC14179052410,p1QJ_NkPQ9upbkKUn--OhQ:0,1,25
ICC14179058688,p1QJ_NkPQ9upbkKUn--OhQ:1,1,5
ICC14179064485,p1QJ_NkPQ9upbkKUn--OhQ:1,1,10
ICC14179095813,p1QJ_NkPQ9upbkKUn--OhQ:0,1,25
ICC14179099613,p1QJ_NkPQ9upbkKUn--OhQ:1,1,30
ICC14179110328,p1QJ_NkPQ9upbkKUn--OhQ:0,1,100
ICC14179116288,p1QJ_NkPQ9upbkKUn--OhQ:0,1,10
ICC14179141363,p1QJ_NkPQ9upbkKUn--OhQ:0,1,10
ICC14179143161,p1QJ_NkPQ9upbkKUn--OhQ:1,1,10
ICC14179183965,p1QJ_NkPQ9upbkKUn--OhQ:1,1,50
ICC14179186156,p1QJ_NkPQ9upbkKUn--OhQ:0,1,30
ICC14179191246,p1QJ_NkPQ9upbkKUn--OhQ:1,1,20
ICC14179245306,p1QJ_NkPQ9upbkKUn--OhQ:0,1,10
ICC14179252037,p1QJ_NkPQ9upbkKUn--OhQ:1,1,20
ICC14179492144,p1QJ_NkPQ9upbkKUn--OhQ:1,1,100
ICC14179575685,p1QJ_NkPQ9upbkKUn--OhQ:0,1,50
ICC14179719799,p1QJ_NkPQ9upbkKUn--OhQ:1,1,100
ICC14179734007,p1QJ_NkPQ9upbkKUn--OhQ:0,1,30
ICC14179761681,p1QJ_NkPQ9upbkKUn--OhQ:1,1,50
ICC14179808761,p1QJ_NkPQ9upbkKUn--OhQ:0,1,200
ICC14179869346,p1QJ_NkPQ9upbkKUn--OhQ:1,1,30
ICC14179891160,p1QJ_NkPQ9upbkKUn--OhQ:0,1,150
ICC14179914189,p1QJ_NkPQ9upbkKUn--OhQ:1,1,30
ICC14179935172,p1QJ_NkPQ9upbkKUn--OhQ:0,1,100
ICC14179980863,p1QJ_NkPQ9upbkKUn--OhQ:0,1,20
ICC14180007138,p1QJ_NkPQ9upbkKUn--OhQ:1,1,50
ICC14180019622,p1QJ_NkPQ9upbkKUn--OhQ:1,1,30
ICC14180035983,p1QJ_NkPQ9upbkKUn--OhQ:0,1,10
ICC14180041439,p1QJ_NkPQ9upbkKUn--OhQ:1,1,100
ICC14180044572,p1QJ_NkPQ9upbkKUn--OhQ:1,1,30
ICC14180219435,p1QJ_NkPQ9upbkKUn--OhQ:0,1,25
ICC14180283528,p1QJ_NkPQ9upbkKUn--OhQ:0,2,50
ICC14180309986,p1QJ_NkPQ9upbkKUn--OhQ:0,1,50
ICC14180321930,p1QJ_NkPQ9upbkKUn--OhQ:0,1,25
ICC14180667656,p1QJ_NkPQ9upbkKUn--OhQ:1,1,20
ICC14180678959,p1QJ_NkPQ9upbkKUn--OhQ:1,1,30
ICC14180820126,p1QJ_NkPQ9upbkKUn--OhQ:1,1,100
ICC14180834430,p1QJ_NkPQ9upbkKUn--OhQ:0,1,25
ICC14182871146,p1QJ_NkPQ9upbkKUn--OhQ:1,1,20
ICC14184076120,p1QJ_NkPQ9upbkKUn--OhQ:0,1,50
ICC14185743896,p1QJ_NkPQ9upbkKUn--OhQ:1,1,20
ICC14185894897,p1QJ_NkPQ9upbkKUn--OhQ:1,1,100
ICC14187235970,p1QJ_NkPQ9upbkKUn--OhQ:0,1,50
ICC14188984152,p1QJ_NkPQ9upbkKUn--OhQ:0,1,25
ICC14189053803,p1QJ_NkPQ9upbkKUn--OhQ:1,1,10
ICC14189332653,p1QJ_NkPQ9upbkKUn--OhQ:1,1,40
ICC14189553244,p1QJ_NkPQ9upbkKUn--OhQ:1,1,20
ICC14191240560,p1QJ_NkPQ9upbkKUn--OhQ:0,1,50
ICC14194519353,p1QJ_NkPQ9upbkKUn--OhQ:0,1,20
ICC14197772132,p1QJ_NkPQ9upbkKUn--OhQ:1,2,60
ICC14197775312,p1QJ_NkPQ9upbkKUn--OhQ:1,1,10
ICC14197785822,p1QJ_NkPQ9upbkKUn--OhQ:1,1,30
ICC14197796609,p1QJ_NkPQ9upbkKUn--OhQ:0,2,50
ICC14197798609,p1QJ_NkPQ9upbkKUn--OhQ:1,1,10
ICC14197804773,p1QJ_NkPQ9upbkKUn--OhQ:1,1,20
ICC14197805690,p1QJ_NkPQ9upbkKUn--OhQ:1,1,30
ICC14197835126,p1QJ_NkPQ9upbkKUn--OhQ:1,1,100
ICC14197847777,p1QJ_NkPQ9upbkKUn--OhQ:1,1,5
ICC14197858096,p1QJ_NkPQ9upbkKUn--OhQ:0,1,25
ICC14197860072,p1QJ_NkPQ9upbkKUn--OhQ:0,1,25
ICC14197870952,p1QJ_NkPQ9upbkKUn--OhQ:0,1,100
ICC14197875644,p1QJ_NkPQ9upbkKUn--OhQ:0,1,100
ICC14197878294,p1QJ_NkPQ9upbkKUn--OhQ:0,1,10
ICC14197903601,p1QJ_NkPQ9upbkKUn--OhQ:1,1,30
ICC14197905885,p1QJ_NkPQ9upbkKUn--OhQ:0,1,25
ICC14197923078,p1QJ_NkPQ9upbkKUn--OhQ:1,1,10
ICC14197924614,p1QJ_NkPQ9upbkKUn--OhQ:0,1,25
ICC14197926021,p1QJ_NkPQ9upbkKUn--OhQ:0,1,25
ICC14198003726,p1QJ_NkPQ9upbkKUn--OhQ:0,1,25
ICC14198121309,p1QJ_NkPQ9upbkKUn--OhQ:0,1,25
ICC14198128058,p1QJ_NkPQ9upbkKUn--OhQ:0,1,100
ICC14198169142,p1QJ_NkPQ9upbkKUn--OhQ:0,1,100
ICC14198177121,p1QJ_NkPQ9upbkKUn--OhQ:0,1,25
ICC14198249894,p1QJ_NkPQ9upbkKUn--OhQ:0,1,100
ICC14198250711,p1QJ_NkPQ9upbkKUn--OhQ:0,1,25
ICC14198319104,p1QJ_NkPQ9upbkKUn--OhQ:0,1,35
ICC14198339610,p1QJ_NkPQ9upbkKUn--OhQ:1,1,10
ICC14198385232,p1QJ_NkPQ9upbkKUn--OhQ:0,1,10
ICC14198412340,p1QJ_NkPQ9upbkKUn--OhQ:0,1,25
ICC14198462833,p1QJ_NkPQ9upbkKUn--OhQ:1,1,60
ICC14198501902,p1QJ_NkPQ9upbkKUn--OhQ:0,1,10
ICC14198537469,p1QJ_NkPQ9upbkKUn--OhQ:1,1,100
ICC14198698724,p1QJ_NkPQ9upbkKUn--OhQ:0,2,100
ICC14198804059,p1QJ_NkPQ9upbkKUn--OhQ:1,1,20
ICC14198839561,p1QJ_NkPQ9upbkKUn--OhQ:0,1,50
ICC14198907714,p1QJ_NkPQ9upbkKUn--OhQ:0,1,50
ICC14199371213,p1QJ_NkPQ9upbkKUn--OhQ:1,1,3
ICC14200627766,p1QJ_NkPQ9upbkKUn--OhQ:0,1,50
ICC14201335836,p1QJ_NkPQ9upbkKUn--OhQ:1,1,10
ICC14201423760,p1QJ_NkPQ9upbkKUn--OhQ:1,1,20
ICC14201803736,p1QJ_NkPQ9upbkKUn--OhQ:1,1,30
ICC14202210177,p1QJ_NkPQ9upbkKUn--OhQ:1,1,100
ICC14205148789,p1QJ_NkPQ9upbkKUn--OhQ:1,1,20
ICC14208692177,p1QJ_NkPQ9upbkKUn--OhQ:1,1,10
ICC14209137452,p1QJ_NkPQ9upbkKUn--OhQ:0,1,15
ICC14209276251,p1QJ_NkPQ9upbkKUn--OhQ:1,1,30
ICC14210024490,p1QJ_NkPQ9upbkKUn--OhQ:0,1,25
ICC14211938355,p1QJ_NkPQ9upbkKUn--OhQ:1,1,10
ICC14212834586,p1QJ_NkPQ9upbkKUn--OhQ:0,1,100
ICC14212995630,p1QJ_NkPQ9upbkKUn--OhQ:0,1,50
ICC14214862715,p1QJ_NkPQ9upbkKUn--OhQ:1,1,100
ICC14216879585,p1QJ_NkPQ9upbkKUn--OhQ:0,1,20
ICC15158087311,p1QJ_NkPQ9upbkKUn--OhQ:0,1,50
ICC15158092681,p1QJ_NkPQ9upbkKUn--OhQ:0,1,10
ICC15158096178,p1QJ_NkPQ9upbkKUn--OhQ:1,1,10
ICC15158105864,p1QJ_NkPQ9upbkKUn--OhQ:1,1,60
ICC15158137480,p1QJ_NkPQ9upbkKUn--OhQ:1,3,60
ICC15158152084,p1QJ_NkPQ9upbkKUn--OhQ:1,1,10
ICC15158153572,p1QJ_NkPQ9upbkKUn--OhQ:1,1,10
ICC15158155615,p1QJ_NkPQ9upbkKUn--OhQ:1,1,20
ICC15158157802,p1QJ_NkPQ9upbkKUn--OhQ:0,1,50
ICC15158171487,p1QJ_NkPQ9upbkKUn--OhQ:1,1,30
ICC15158184609,p1QJ_NkPQ9upbkKUn--OhQ:0,1,5
ICC15158202831,p1QJ_NkPQ9upbkKUn--OhQ:0,1,15
ICC15158211023,p1QJ_NkPQ9upbkKUn--OhQ:1,1,30
ICC15158221688,p1QJ_NkPQ9upbkKUn--OhQ:1,1,50
ICC15158258615,p1QJ_NkPQ9upbkKUn--OhQ:0,1,100
ICC15158420535,p1QJ_NkPQ9upbkKUn--OhQ:0,1,5
ICC15158521095,p1QJ_NkPQ9upbkKUn--OhQ:0,1,25
ICC15158524431,p1QJ_NkPQ9upbkKUn--OhQ:1,1,200
ICC15158531295,p1QJ_NkPQ9upbkKUn--OhQ:1,1,50
ICC15158550081,p1QJ_NkPQ9upbkKUn--OhQ:0,1,10
ICC15158566952,p1QJ_NkPQ9upbkKUn--OhQ:1,2,60
ICC15158598548,p1QJ_NkPQ9upbkKUn--OhQ:0,1,25
ICC15158631664,p1QJ_NkPQ9upbkKUn--OhQ:0,1,100
ICC15158632740,p1QJ_NkPQ9upbkKUn--OhQ:0,1,25
ICC15158636685,p1QJ_NkPQ9upbkKUn--OhQ:1,1,250
ICC15158983605,p1QJ_NkPQ9upbkKUn--OhQ:1,1,30
ICC15159162673,p1QJ_NkPQ9upbkKUn--OhQ:0,1,10
ICC15159235530,p1QJ_NkPQ9upbkKUn--OhQ:0,1,20
ICC15159294876,p1QJ_NkPQ9upbkKUn--OhQ:0,1,30
ICC15159312237,p1QJ_NkPQ9upbkKUn--OhQ:0,1,100
ICC15159314501,p1QJ_NkPQ9upbkKUn--OhQ:0,1,10
ICC15159367333,p1QJ_NkPQ9upbkKUn--OhQ:0,1,25
ICC15159403347,p1QJ_NkPQ9upbkKUn--OhQ:1,1,30
ICC15159436847,p1QJ_NkPQ9upbkKUn--OhQ:0,1,50
ICC15159439798,p1QJ_NkPQ9upbkKUn--OhQ:0,1,50
ICC15159679270,p1QJ_NkPQ9upbkKUn--OhQ:1,1,10
ICC15159683767,p1QJ_NkPQ9upbkKUn--OhQ:0,1,100
ICC15159694370,p1QJ_NkPQ9upbkKUn--OhQ:1,1,25
ICC15159741837,p1QJ_NkPQ9upbkKUn--OhQ:0,1,25
ICC15159742785,p1QJ_NkPQ9upbkKUn--OhQ:0,1,10
ICC15159768856,p1QJ_NkPQ9upbkKUn--OhQ:1,1,20
ICC15159837678,p1QJ_NkPQ9upbkKUn--OhQ:0,1,25
ICC15159882199,p1QJ_NkPQ9upbkKUn--OhQ:1,1,10
ICC15159889118,p1QJ_NkPQ9upbkKUn--OhQ:0,1,30
ICC15159918535,p1QJ_NkPQ9upbkKUn--OhQ:0,1,50
ICC15159937245,p1QJ_NkPQ9upbkKUn--OhQ:0,1,25
ICC15159950014,p1QJ_NkPQ9upbkKUn--OhQ:1,1,100
ICC15159976516,p1QJ_NkPQ9upbkKUn--OhQ:0,1,25
ICC15160026082,p1QJ_NkPQ9upbkKUn--OhQ:1,1,100
ICC15160029240,p1QJ_NkPQ9upbkKUn--OhQ:1,1,20
ICC15160063865,p1QJ_NkPQ9upbkKUn--OhQ:1,1,10
ICC15160303380,p1QJ_NkPQ9upbkKUn--OhQ:1,1,20
ICC15160561491,p1QJ_NkPQ9upbkKUn--OhQ:0,1,25
ICC15160716355,p1QJ_NkPQ9upbkKUn--OhQ:1,1,30
ICC15161414900,p1QJ_NkPQ9upbkKUn--OhQ:0,1,25
ICC15161440531,p1QJ_NkPQ9upbkKUn--OhQ:1,2,20
ICC15161463189,p1QJ_NkPQ9upbkKUn--OhQ:0,1,25
ICC15161630637,p1QJ_NkPQ9upbkKUn--OhQ:1,1,15
ICC15161729161,p1QJ_NkPQ9upbkKUn--OhQ:0,1,25
ICC15161743181,p1QJ_NkPQ9upbkKUn--OhQ:0,1,25
ICC15162419671,p1QJ_NkPQ9upbkKUn--OhQ:0,2,1000
ICC15164162796,p1QJ_NkPQ9upbkKUn--OhQ:1,1,75
ICC15164889397,p1QJ_NkPQ9upbkKUn--OhQ:1,1,10
ICC15165949831,p1QJ_NkPQ9upbkKUn--OhQ:0,1,50
ICC15166649423,p1QJ_NkPQ9upbkKUn--OhQ:0,1,50
ICC16039980761,p1QJ_NkPQ9upbkKUn--OhQ:0,1,25
ICC16039988526,p1QJ_NkPQ9upbkKUn--OhQ:0,1,50
ICC16039995049,p1QJ_NkPQ9upbkKUn--OhQ:1,1,2
ICC16040001756,p1QJ_NkPQ9upbkKUn--OhQ:0,1,50
ICC16040001981,p1QJ_NkPQ9upbkKUn--OhQ:0,1,50
ICC16040004247,p1QJ_NkPQ9upbkKUn--OhQ:1,1,15
ICC16040005051,p1QJ_NkPQ9upbkKUn--OhQ:0,1,100
ICC16040006062,p1QJ_NkPQ9upbkKUn--OhQ:0,1,10
ICC16040010672,p1QJ_NkPQ9upbkKUn--OhQ:1,1,20
ICC16040028946,p1QJ_NkPQ9upbkKUn--OhQ:1,1,5
ICC16040080587,p1QJ_NkPQ9upbkKUn--OhQ:1,1,100
ICC16040089313,p1QJ_NkPQ9upbkKUn--OhQ:0,1,200
ICC16040116662,p1QJ_NkPQ9upbkKUn--OhQ:1,1,10
ICC16040130570,p1QJ_NkPQ9upbkKUn--OhQ:0,1,25
ICC16040130713,p1QJ_NkPQ9upbkKUn--OhQ:1,1,100
ICC16040137076,p1QJ_NkPQ9upbkKUn--OhQ:0,1,100
ICC16040148980,p1QJ_NkPQ9upbkKUn--OhQ:1,1,100
ICC16040169728,p1QJ_NkPQ9upbkKUn--OhQ:0,1,30
ICC16040201898,p1QJ_NkPQ9upbkKUn--OhQ:1,1,100
ICC16040203417,p1QJ_NkPQ9upbkKUn--OhQ:0,1,25
ICC16040242675,p1QJ_NkPQ9upbkKUn--OhQ:0,1,100
ICC16040287018,p1QJ_NkPQ9upbkKUn--OhQ:1,1,100
ICC16040347366,p1QJ_NkPQ9upbkKUn--OhQ:1,1,10
ICC16040368392,p1QJ_NkPQ9upbkKUn--OhQ:0,1,25
ICC16040371823,p1QJ_NkPQ9upbkKUn--OhQ:1,1,30
ICC16040399816,p1QJ_NkPQ9upbkKUn--OhQ:1,1,50
ICC16040412847,p1QJ_NkPQ9upbkKUn--OhQ:1,1,60
ICC16040419021,p1QJ_NkPQ9upbkKUn--OhQ:1,1,100
ICC16040435535,p1QJ_NkPQ9upbkKUn--OhQ:1,1,100
ICC16040532683,p1QJ_NkPQ9upbkKUn--OhQ:0,1,25
ICC16040541130,p1QJ_NkPQ9upbkKUn--OhQ:0,1,100
ICC16041078273,p1QJ_NkPQ9upbkKUn--OhQ:1,1,10
ICC16041100929,p1QJ_NkPQ9upbkKUn--OhQ:0,1,50
ICC16041180580,p1QJ_NkPQ9upbkKUn--OhQ:0,1,10
ICC16041226106,p1QJ_NkPQ9upbkKUn--OhQ:1,1,100
ICC16041235734,p1QJ_NkPQ9upbkKUn--OhQ:0,1,25
ICC16041290888,p1QJ_NkPQ9upbkKUn--OhQ:0,1,100
ICC16041315005,p1QJ_NkPQ9upbkKUn--OhQ:1,1,20
ICC16041334310,p1QJ_NkPQ9upbkKUn--OhQ:1,1,100
ICC16041353636,p1QJ_NkPQ9upbkKUn--OhQ:1,1,25
ICC16041357683,p1QJ_NkPQ9upbkKUn--OhQ:0,1,100
ICC16041393943,p1QJ_NkPQ9upbkKUn--OhQ:1,1,30
ICC16041396633,p1QJ_NkPQ9upbkKUn--OhQ:1,1,60
ICC16041444927,p1QJ_NkPQ9upbkKUn--OhQ:0,1,25
ICC16041459797,p1QJ_NkPQ9upbkKUn--OhQ:0,1,25
ICC16041481550,p1QJ_NkPQ9upbkKUn--OhQ:0,1,50
ICC16041720587,p1QJ_NkPQ9upbkKUn--OhQ:1,1,30
ICC16041853644,p1QJ_NkPQ9upbkKUn--OhQ:0,1,100
ICC16041957128,p1QJ_NkPQ9upbkKUn--OhQ:0,1,50
ICC16042035548,p1QJ_NkPQ9upbkKUn--OhQ:0,1,5
ICC16042037634,p1QJ_NkPQ9upbkKUn--OhQ:1,1,30
ICC16042094144,p1QJ_NkPQ9upbkKUn--OhQ:1,1,50
ICC16042197738,p1QJ_NkPQ9upbkKUn--OhQ:0,1,50
ICC16042397623,p1QJ_NkPQ9upbkKUn--OhQ:0,1,30
ICC16042727083,p1QJ_NkPQ9upbkKUn--OhQ:0,1,100
ICC16043918480,p1QJ_NkPQ9upbkKUn--OhQ:1,1,30
ICC16044287742,p1QJ_NkPQ9upbkKUn--OhQ:1,1,100
ICC16045781944,p1QJ_NkPQ9upbkKUn--OhQ:1,1,500
ICC16045864904,p1QJ_NkPQ9upbkKUn--OhQ:0,1,10
ICC16045951953,p1QJ_NkPQ9upbkKUn--OhQ:1,1,15
ICC17039494720,p1QJ_NkPQ9upbkKUn--OhQ:1,1,30
ICC17039499143,p1QJ_NkPQ9upbkKUn--OhQ:0,1,25
ICC17039500894,p1QJ_NkPQ9upbkKUn--OhQ:1,1,50
ICC17039502947,p1QJ_NkPQ9upbkKUn--OhQ:1,1,60
ICC17039508444,p1QJ_NkPQ9upbkKUn--OhQ:0,1,20
ICC17039515398,p1QJ_NkPQ9upbkKUn--OhQ:1,1,60
ICC17039527556,p1QJ_NkPQ9upbkKUn--OhQ:1,1,60
ICC17039544936,p1QJ_NkPQ9upbkKUn--OhQ:0,1,25
ICC17039564973,p1QJ_NkPQ9upbkKUn--OhQ:0,1,50
ICC17039571551,p1QJ_NkPQ9upbkKUn--OhQ:0,1,10
ICC17039608474,p1QJ_NkPQ9upbkKUn--OhQ:0,1,25
ICC17039641042,p1QJ_NkPQ9upbkKUn--OhQ:0,1,30
ICC17039649046,p1QJ_NkPQ9upbkKUn--OhQ:0,1,25
ICC17039657389,p1QJ_NkPQ9upbkKUn--OhQ:0,1,100
ICC17039666614,p1QJ_NkPQ9upbkKUn--OhQ:0,1,100
ICC17039673193,p1QJ_NkPQ9upbkKUn--OhQ:1,1,30
ICC17039736750,p1QJ_NkPQ9upbkKUn--OhQ:0,1,100
ICC17039744800,p1QJ_NkPQ9upbkKUn--OhQ:0,1,100
ICC17039765309,p1QJ_NkPQ9upbkKUn--OhQ:1,1,10
ICC17039809211,p1QJ_NkPQ9upbkKUn--OhQ:0,1,50
ICC17039868280,p1QJ_NkPQ9upbkKUn--OhQ:0,1,5
ICC17039872894,p1QJ_NkPQ9upbkKUn--OhQ:0,1,50
ICC17039894471,p1QJ_NkPQ9upbkKUn--OhQ:0,2,200
ICC17039977456,p1QJ_NkPQ9upbkKUn--OhQ:0,1,50
ICC17040035923,p1QJ_NkPQ9upbkKUn--OhQ:0,1,100
ICC17040065715,p1QJ_NkPQ9upbkKUn--OhQ:1,1,30
ICC17040107154,p1QJ_NkPQ9upbkKUn--OhQ:0,2,50
ICC17040516753,p1QJ_NkPQ9upbkKUn--OhQ:0,1,25
ICC17040561040,p1QJ_NkPQ9upbkKUn--OhQ:0,1,10
ICC17040569654,p1QJ_NkPQ9upbkKUn--OhQ:1,1,10
ICC17040575266,p1QJ_NkPQ9upbkKUn--OhQ:0,1,25
ICC17040622164,p1QJ_NkPQ9upbkKUn--OhQ:0,1,100
ICC17040663032,p1QJ_NkPQ9upbkKUn--OhQ:0,1,100
ICC17040666110,p1QJ_NkPQ9upbkKUn--OhQ:1,1,50
ICC17040672073,p1QJ_NkPQ9upbkKUn--OhQ:0,1,10
ICC17040691381,p1QJ_NkPQ9upbkKUn--OhQ:0,1,100
ICC17040712266,p1QJ_NkPQ9upbkKUn--OhQ:1,1,5
ICC17040720273,p1QJ_NkPQ9upbkKUn--OhQ:0,1,50
ICC17040750749,p1QJ_NkPQ9upbkKUn--OhQ:0,1,50
ICC17040798035,p1QJ_NkPQ9upbkKUn--OhQ:1,1,10
ICC17040816275,p1QJ_NkPQ9upbkKUn--OhQ:0,1,25
ICC17040822283,p1QJ_NkPQ9upbkKUn--OhQ:0,1,25
ICC17040839595,p1QJ_NkPQ9upbkKUn--OhQ:0,1,50
ICC17040870212,p1QJ_NkPQ9upbkKUn--OhQ:0,1,25
ICC17040920014,p1QJ_NkPQ9upbkKUn--OhQ:0,1,30
ICC17040926828,p1QJ_NkPQ9upbkKUn--OhQ:0,1,50
ICC17040927871,p1QJ_NkPQ9upbkKUn--OhQ:1,1,50
ICC17040928785,p1QJ_NkPQ9upbkKUn--OhQ:1,1,10
ICC17040931374,p1QJ_NkPQ9upbkKUn--OhQ:0,1,25
ICC17040937021,p1QJ_NkPQ9upbkKUn--OhQ:0,1,50
ICC17041097679,p1QJ_NkPQ9upbkKUn--OhQ:1,1,30
ICC17041146534,p1QJ_NkPQ9upbkKUn--OhQ:1,1,30
ICC17041179909,p1QJ_NkPQ9upbkKUn--OhQ:1,1,30
ICC17041234283,p1QJ_NkPQ9upbkKUn--OhQ:0,1,100
ICC17041457270,p1QJ_NkPQ9upbkKUn--OhQ:1,1,50
ICC17041530436,p1QJ_NkPQ9upbkKUn--OhQ:0,1,100
ICC17041702567,p1QJ_NkPQ9upbkKUn--OhQ:0,1,15
ICC17042868435,p1QJ_NkPQ9upbkKUn--OhQ:1,1,100
ICC17042886013,p1QJ_NkPQ9upbkKUn--OhQ:1,1,10
ICC17042973658,p1QJ_NkPQ9upbkKUn--OhQ:1,1,30
ICC17043063409,p1QJ_NkPQ9upbkKUn--OhQ:1,1,10
ICC17043113617,p1QJ_NkPQ9upbkKUn--OhQ:0,1,20
ICC17047227428,p1QJ_NkPQ9upbkKUn--OhQ:0,1,50
ICC17047385023,p1QJ_NkPQ9upbkKUn--OhQ:0,1,1000
ICC17047709292,p1QJ_NkPQ9upbkKUn--OhQ:1,1,5
ICC18039645277,p1QJ_NkPQ9upbkKUn--OhQ:1,1,10
ICC18039664473,p1QJ_NkPQ9upbkKUn--OhQ:0,1,50
ICC18039671374,p1QJ_NkPQ9upbkKUn--OhQ:1,1,10
ICC18039683985,p1QJ_NkPQ9upbkKUn--OhQ:1,2,40
ICC18039685857,p1QJ_NkPQ9upbkKUn--OhQ:1,1,10
ICC18039687460,p1QJ_NkPQ9upbkKUn--OhQ:0,1,25
ICC18039688881,p1QJ_NkPQ9upbkKUn--OhQ:1,1,50
ICC18039695877,p1QJ_NkPQ9upbkKUn--OhQ:0,1,60
ICC18039707007,p1QJ_NkPQ9upbkKUn--OhQ:0,1,25
ICC18039733005,p1QJ_NkPQ9upbkKUn--OhQ:0,1,25
ICC18039758422,p1QJ_NkPQ9upbkKUn--OhQ:0,1,50
ICC18039775634,p1QJ_NkPQ9upbkKUn--OhQ:1,1,10
ICC18039786041,p1QJ_NkPQ9upbkKUn--OhQ:0,1,25
ICC18039834479,p1QJ_NkPQ9upbkKUn--OhQ:1,1,20
ICC18040207221,p1QJ_NkPQ9upbkKUn--OhQ:0,1,25
ICC18040260571,p1QJ_NkPQ9upbkKUn--OhQ:1,1,100
ICC18040287724,p1QJ_NkPQ9upbkKUn--OhQ:1,1,25
ICC18040312439,p1QJ_NkPQ9upbkKUn--OhQ:0,1,25
ICC18040365527,p1QJ_NkPQ9upbkKUn--OhQ:1,1,20
ICC18040400635,p1QJ_NkPQ9upbkKUn--OhQ:1,1,30
ICC18040409972,p1QJ_NkPQ9upbkKUn--OhQ:1,1,100
ICC18040413605,p1QJ_NkPQ9upbkKUn--OhQ:1,1,50
ICC18040424778,p1QJ_NkPQ9upbkKUn--OhQ:1,1,20
ICC18040427608,p1QJ_NkPQ9upbkKUn--OhQ:0,1,50
ICC18040435184,p1QJ_NkPQ9upbkKUn--OhQ:0,1,50
ICC18040437624,p1QJ_NkPQ9upbkKUn--OhQ:1,1,30
ICC18040439370,p1QJ_NkPQ9upbkKUn--OhQ:0,1,100
ICC18040454610,p1QJ_NkPQ9upbkKUn--OhQ:1,1,100
ICC18040516738,p1QJ_NkPQ9upbkKUn--OhQ:0,1,25
ICC18040542873,p1QJ_NkPQ9upbkKUn--OhQ:1,1,20
ICC18040620777,p1QJ_NkPQ9upbkKUn--OhQ:0,1,1000
ICC18040725341,p1QJ_NkPQ9upbkKUn--OhQ:1,1,60
ICC18040732570,p1QJ_NkPQ9upbkKUn--OhQ:0,1,20
ICC18040736163,p1QJ_NkPQ9upbkKUn--OhQ:0,1,500
ICC18040748180,p1QJ_NkPQ9upbkKUn--OhQ:0,1,50
ICC18040795278,p1QJ_NkPQ9upbkKUn--OhQ:1,1,60
ICC18040832650,p1QJ_NkPQ9upbkKUn--OhQ:1,1,100
ICC18040929787,p1QJ_NkPQ9upbkKUn--OhQ:0,1,25
ICC18041385815,p1QJ_NkPQ9upbkKUn--OhQ:0,1,200
ICC18041981097,p1QJ_NkPQ9upbkKUn--OhQ:0,1,25
ICC18042523986,p1QJ_NkPQ9upbkKUn--OhQ:1,1,30
ICC18043939384,p1QJ_NkPQ9upbkKUn--OhQ:1,1,60
ICC18044237587,p1QJ_NkPQ9upbkKUn--OhQ:0,1,50
ICC18044652315,p1QJ_NkPQ9upbkKUn--OhQ:1,1,50
ICC18045207898,p1QJ_NkPQ9upbkKUn--OhQ:1,1,10
ICC18048649410,p1QJ_NkPQ9upbkKUn--OhQ:1,1,300
ICC18048833858,p1QJ_NkPQ9upbkKUn--OhQ:0,1,100
ICC18048848429,p1QJ_NkPQ9upbkKUn--OhQ:0,1,50
ICC18049257391,p1QJ_NkPQ9upbkKUn--OhQ:1,1,150
ICC18050707907,p1QJ_NkPQ9upbkKUn--OhQ:0,1,25
ICC18056358639,p1QJ_NkPQ9upbkKUn--OhQ:0,1,10
ICC18059494053,p1QJ_NkPQ9upbkKUn--OhQ:1,1,100
ICC18062326084,p1QJ_NkPQ9upbkKUn--OhQ:0,1,100
ICC18062326685,p1QJ_NkPQ9upbkKUn--OhQ:0,1,50
ICC18062327515,p1QJ_NkPQ9upbkKUn--OhQ:1,1,50
ICC18062339142,p1QJ_NkPQ9upbkKUn--OhQ:1,1,20
ICC18062340174,p1QJ_NkPQ9upbkKUn--OhQ:1,1,60
ICC18062354308,p1QJ_NkPQ9upbkKUn--OhQ:1,2,20
ICC18062356944,p1QJ_NkPQ9upbkKUn--OhQ:1,1,60
ICC18062357945,p1QJ_NkPQ9upbkKUn--OhQ:0,2,50
ICC18062362862,p1QJ_NkPQ9upbkKUn--OhQ:1,1,100
ICC18062365737,p1QJ_NkPQ9upbkKUn--OhQ:1,1,30
ICC18062393355,p1QJ_NkPQ9upbkKUn--OhQ:1,1,30
ICC18062450409,p1QJ_NkPQ9upbkKUn--OhQ:1,1,5
ICC18062473604,p1QJ_NkPQ9upbkKUn--OhQ:1,2,60
ICC18062474703,p1QJ_NkPQ9upbkKUn--OhQ:0,1,25
ICC18062486915,p1QJ_NkPQ9upbkKUn--OhQ:1,1,100
ICC18062500868,p1QJ_NkPQ9upbkKUn--OhQ:1,1,100
ICC18062521580,p1QJ_NkPQ9upbkKUn--OhQ:0,1,5
ICC18062536034,p1QJ_NkPQ9upbkKUn--OhQ:0,1,25
ICC18062581411,p1QJ_NkPQ9upbkKUn--OhQ:1,1,300
ICC18062586985,p1QJ_NkPQ9upbkKUn--OhQ:0,1,5
ICC18062594124,p1QJ_NkPQ9upbkKUn--OhQ:1,2,50
ICC18062612229,p1QJ_NkPQ9upbkKUn--OhQ:0,1,25
ICC18062641247,p1QJ_NkPQ9upbkKUn--OhQ:0,2,40
ICC18062676655,p1QJ_NkPQ9upbkKUn--OhQ:1,2,200
ICC18062692132,p1QJ_NkPQ9upbkKUn--OhQ:1,1,10
ICC18062706941,p1QJ_NkPQ9upbkKUn--OhQ:1,1,50
ICC18062829138,p1QJ_NkPQ9upbkKUn--OhQ:1,1,60
ICC18062926035,p1QJ_NkPQ9upbkKUn--OhQ:1,1,10
ICC18062928424,p1QJ_NkPQ9upbkKUn--OhQ:0,1,25
ICC18063012916,p1QJ_NkPQ9upbkKUn--OhQ:1,1,50
ICC18063130093,p1QJ_NkPQ9upbkKUn--OhQ:0,1,20
ICC18063169482,p1QJ_NkPQ9upbkKUn--OhQ:1,1,10
ICC18063198438,p1QJ_NkPQ9upbkKUn--OhQ:1,1,30
ICC18063268777,p1QJ_NkPQ9upbkKUn--OhQ:0,1,10
ICC18063310187,p1QJ_NkPQ9upbkKUn--OhQ:0,1,15
ICC18063732734,p1QJ_NkPQ9upbkKUn--OhQ:1,1,20
ICC18064218090,p1QJ_NkPQ9upbkKUn--OhQ:0,1,25
ICC18064299404,p1QJ_NkPQ9upbkKUn--OhQ:1,1,250
ICC18065030346,p1QJ_NkPQ9upbkKUn--OhQ:1,1,100
ICC18065243725,p1QJ_NkPQ9upbkKUn--OhQ:0,1,25
ICC18065535938,p1QJ_NkPQ9upbkKUn--OhQ:1,1,30
ICC18065777023,p1QJ_NkPQ9upbkKUn--OhQ:1,1,80
ICC18066207475,p1QJ_NkPQ9upbkKUn--OhQ:1,1,150
ICC18066524226,p1QJ_NkPQ9upbkKUn--OhQ:1,1,10
ICC18067721357,p1QJ_NkPQ9upbkKUn--OhQ:0,1,25
ICC18067977190,p1QJ_NkPQ9upbkKUn--OhQ:1,1,30
ICC18070094476,p1QJ_NkPQ9upbkKUn--OhQ:1,1,30
ICC18071719344,p1QJ_NkPQ9upbkKUn--OhQ:0,1,50
ICC18072818061,p1QJ_NkPQ9upbkKUn--OhQ:1,1,30
ICC18074075340,p1QJ_NkPQ9upbkKUn--OhQ:0,1,10
ICC18075209981,p1QJ_NkPQ9upbkKUn--OhQ:0,1,200
ICC18076584414,p1QJ_NkPQ9upbkKUn--OhQ:1,1,100
ICC18076856143,p1QJ_NkPQ9upbkKUn--OhQ:1,1,50
ICC18077028603,p1QJ_NkPQ9upbkKUn--OhQ:0,1,25
ICC18077327641,p1QJ_NkPQ9upbkKUn--OhQ:0,1,5
ICC18077673909,p1QJ_NkPQ9upbkKUn--OhQ:0,1,20
ICC18077848373,p1QJ_NkPQ9upbkKUn--OhQ:1,1,60
ICC18080767490,p1QJ_NkPQ9upbkKUn--OhQ:0,1,100
ICC19039564738,p1QJ_NkPQ9upbkKUn--OhQ:1,1,60
ICC19039570320,p1QJ_NkPQ9upbkKUn--OhQ:1,1,60
ICC19039572678,p1QJ_NkPQ9upbkKUn--OhQ:1,1,30
ICC19039589236,p1QJ_NkPQ9upbkKUn--OhQ:1,1,10
ICC19039593451,p1QJ_NkPQ9upbkKUn--OhQ:1,1,30
ICC19039595491,p1QJ_NkPQ9upbkKUn--OhQ:1,1,10
ICC19039616813,p1QJ_NkPQ9upbkKUn--OhQ:1,1,100
ICC19039630736,p1QJ_NkPQ9upbkKUn--OhQ:0,1,50
ICC19039634689,p1QJ_NkPQ9upbkKUn--OhQ:1,1,10
ICC19039635971,p1QJ_NkPQ9upbkKUn--OhQ:1,1,30
ICC19039649298,p1QJ_NkPQ9upbkKUn--OhQ:1,1,100
ICC19039692485,p1QJ_NkPQ9upbkKUn--OhQ:0,1,50
ICC19039696335,p1QJ_NkPQ9upbkKUn--OhQ:0,1,5
ICC19039719255,p1QJ_NkPQ9upbkKUn--OhQ:1,1,250
ICC19039752625,p1QJ_NkPQ9upbkKUn--OhQ:0,1,25
ICC19039811428,p1QJ_NkPQ9upbkKUn--OhQ:0,1,10
ICC19039817315,p1QJ_NkPQ9upbkKUn--OhQ:1,1,100
ICC19039867398,p1QJ_NkPQ9upbkKUn--OhQ:0,1,10
ICC19040310643,p1QJ_NkPQ9upbkKUn--OhQ:1,1,10
ICC19040319292,p1QJ_NkPQ9upbkKUn--OhQ:1,1,25
ICC19040328158,p1QJ_NkPQ9upbkKUn--OhQ:1,1,100
ICC19040330694,p1QJ_NkPQ9upbkKUn--OhQ:0,1,10
ICC19040350462,p1QJ_NkPQ9upbkKUn--OhQ:0,1,5
ICC19040411656,p1QJ_NkPQ9upbkKUn--OhQ:1,1,30
ICC19040441144,p1QJ_NkPQ9upbkKUn--OhQ:1,1,10
ICC19040450141,p1QJ_NkPQ9upbkKUn--OhQ:1,2,20
ICC19040451229,p1QJ_NkPQ9upbkKUn--OhQ:0,1,50
ICC19040451486,p1QJ_NkPQ9upbkKUn--OhQ:1,1,20
ICC19040518058,p1QJ_NkPQ9upbkKUn--OhQ:0,1,25
ICC19040531758,p1QJ_NkPQ9upbkKUn--OhQ:1,1,30
ICC19040622662,p1QJ_NkPQ9upbkKUn--OhQ:0,1,100
ICC19040632532,p1QJ_NkPQ9upbkKUn--OhQ:0,1,100
ICC19040638343,p1QJ_NkPQ9upbkKUn--OhQ:0,1,25
ICC19040803325,p1QJ_NkPQ9upbkKUn--OhQ:0,1,25
ICC19040841302,p1QJ_NkPQ9upbkKUn--OhQ:0,1,75
ICC19042017913,p1QJ_NkPQ9upbkKUn--OhQ:0,1,10
ICC19042308484,p1QJ_NkPQ9upbkKUn--OhQ:1,1,50
ICC19042486898,p1QJ_NkPQ9upbkKUn--OhQ:0,1,120
ICC19044384228,p1QJ_NkPQ9upbkKUn--OhQ:0,3,150
ICC19049058531,p1QJ_NkPQ9upbkKUn--OhQ:1,1,100
ICC19051151182,p1QJ_NkPQ9upbkKUn--OhQ:0,1,50
ICC19053833860,p1QJ_NkPQ9upbkKUn--OhQ:0,1,50
ICC19053970977,p1QJ_NkPQ9upbkKUn--OhQ:0,1,50
ICC19054304257,p1QJ_NkPQ9upbkKUn--OhQ:0,1,10
ICC19056570146,p1QJ_NkPQ9upbkKUn--OhQ:0,1,5
ICC19056899536,p1QJ_NkPQ9upbkKUn--OhQ:1,1,100
ICC19058570780,p1QJ_NkPQ9upbkKUn--OhQ:1,1,30
ICC19062128600,p1QJ_NkPQ9upbkKUn--OhQ:0,1,25
ICC19062133846,p1QJ_NkPQ9upbkKUn--OhQ:0,2,50
ICC19062139145,p1QJ_NkPQ9upbkKUn--OhQ:1,1,100
ICC19062142023,p1QJ_NkPQ9upbkKUn--OhQ:1,1,30
ICC19062142193,p1QJ_NkPQ9upbkKUn--OhQ:0,1,30
ICC19062144731,p1QJ_NkPQ9upbkKUn--OhQ:0,1,50
ICC19062147756,p1QJ_NkPQ9upbkKUn--OhQ:0,1,50
ICC19062153239,p1QJ_NkPQ9upbkKUn--OhQ:0,1,25
ICC19062154438,p1QJ_NkPQ9upbkKUn--OhQ:0,1,25
ICC19062181288,p1QJ_NkPQ9upbkKUn--OhQ:0,1,50
ICC19062212473,p1QJ_NkPQ9upbkKUn--OhQ:1,1,20
ICC19062221569,p1QJ_NkPQ9upbkKUn--OhQ:1,1,30
ICC19062237072,p1QJ_NkPQ9upbkKUn--OhQ:1,1,30
ICC19062240752,p1QJ_NkPQ9upbkKUn--OhQ:0,1,25
ICC19062246318,p1QJ_NkPQ9upbkKUn--OhQ:0,1,25
ICC19062250387,p1QJ_NkPQ9upbkKUn--OhQ:0,1,50
ICC19062259004,p1QJ_NkPQ9upbkKUn--OhQ:0,1,15
ICC19062275875,p1QJ_NkPQ9upbkKUn--OhQ:1,1,10
ICC19062276485,p1QJ_NkPQ9upbkKUn--OhQ:1,1,25
ICC19062277931,p1QJ_NkPQ9upbkKUn--OhQ:1,1,25
ICC19062298501,p1QJ_NkPQ9upbkKUn--OhQ:1,1,250
ICC19062318364,p1QJ_NkPQ9upbkKUn--OhQ:1,1,60
ICC19062353791,p1QJ_NkPQ9upbkKUn--OhQ:1,1,100
ICC19062356888,p1QJ_NkPQ9upbkKUn--OhQ:0,1,25
ICC19062383212,p1QJ_NkPQ9upbkKUn--OhQ:1,1,30
ICC19062393257,p1QJ_NkPQ9upbkKUn--OhQ:0,1,25
ICC19062461376,p1QJ_NkPQ9upbkKUn--OhQ:1,1,60
ICC19062485070,p1QJ_NkPQ9upbkKUn--OhQ:1,2,60
ICC19062605023,p1QJ_NkPQ9upbkKUn--OhQ:0,1,25
ICC19062749017,p1QJ_NkPQ9upbkKUn--OhQ:0,1,25
ICC19062786484,p1QJ_NkPQ9upbkKUn--OhQ:0,1,20
ICC19062795536,p1QJ_NkPQ9upbkKUn--OhQ:0,1,50
ICC19062812411,p1QJ_NkPQ9upbkKUn--OhQ:0,1,100
ICC19062893451,p1QJ_NkPQ9upbkKUn--OhQ:1,1,50
ICC19062901632,p1QJ_NkPQ9upbkKUn--OhQ:0,1,50
ICC19062915949,p1QJ_NkPQ9upbkKUn--OhQ:1,1,30
ICC19063151139,p1QJ_NkPQ9upbkKUn--OhQ:0,1,25
ICC19063176804,p1QJ_NkPQ9upbkKUn--OhQ:0,1,25
ICC19063350031,p1QJ_NkPQ9upbkKUn--OhQ:1,1,30
ICC19063382060,p1QJ_NkPQ9upbkKUn--OhQ:0,1,5
ICC19063427398,p1QJ_NkPQ9upbkKUn--OhQ:1,1,20
ICC19063602485,p1QJ_NkPQ9upbkKUn--OhQ:0,1,35
ICC19063746798,p1QJ_NkPQ9upbkKUn--OhQ:0,1,25
ICC19063826467,p1QJ_NkPQ9upbkKUn--OhQ:0,1,10
ICC19065130280,p1QJ_NkPQ9upbkKUn--OhQ:1,1,30
ICC19065232932,p1QJ_NkPQ9upbkKUn--OhQ:1,1,20
ICC19065387744,p1QJ_NkPQ9upbkKUn--OhQ:0,1,20
ICC19065620580,p1QJ_NkPQ9upbkKUn--OhQ:1,1,100
ICC19065859996,p1QJ_NkPQ9upbkKUn--OhQ:0,1,500
ICC19065918545,p1QJ_NkPQ9upbkKUn--OhQ:1,1,5
ICC19066154582,p1QJ_NkPQ9upbkKUn--OhQ:0,1,5
ICC19066299397,p1QJ_NkPQ9upbkKUn--OhQ:0,1,25
ICC19066643191,p1QJ_NkPQ9upbkKUn--OhQ:1,1,50
ICC19067724633,p1QJ_NkPQ9upbkKUn--OhQ:0,1,5
ICC19069006611,p1QJ_NkPQ9upbkKUn--OhQ:0,1,200
ICC19069438469,p1QJ_NkPQ9upbkKUn--OhQ:0,1,160
ICC19070386843,p1QJ_NkPQ9upbkKUn--OhQ:1,1,20
ICC19072825335,p1QJ_NkPQ9upbkKUn--OhQ:0,1,20
ICC19072897541,p1QJ_NkPQ9upbkKUn--OhQ:0,1,50
ICC19073464121,p1QJ_NkPQ9upbkKUn--OhQ:0,1,100
ICC19076346586,p1QJ_NkPQ9upbkKUn--OhQ:1,1,30
ICC19077162031,p1QJ_NkPQ9upbkKUn--OhQ:0,1,15
ICC19077887162,p1QJ_NkPQ9upbkKUn--OhQ:0,1,10
ICC19082128133,p1QJ_NkPQ9upbkKUn--OhQ:1,1,20